[{"name":"Dublin Airport","temperature":"11","symbol":"40n","weatherDescription":"Light rain showers","text":"\"Recent Rain\"","windSpeed":"41","windGust":"70","cardinalWindDirection":"SW","windDirection":225,"humidity":" 85 ","rainfall":" 0.1 ","pressure":"986","dayName":"Sunday","date":"09-02-2020","reportTime":"00:00"},{"name":"Dublin Airport","temperature":"11","symbol":"46n","weatherDescription":"Light rain ","text":"\"Light rain \"","windSpeed":"37","windGust":"72","cardinalWindDirection":"SW","windDirection":225,"humidity":" 89 ","rainfall":" 0.01 ","pressure":"986","dayName":"Sunday","date":"09-02-2020","reportTime":"01:00"},{"name":"Dublin Airport","temperature":"11","symbol":"46n","weatherDescription":"Light rain ","text":"\"Light rain \"","windSpeed":"30","windGust":"65","cardinalWindDirection":"SW","windDirection":225,"humidity":" 92 ","rainfall":" 0.8 ","pressure":"987","dayName":"Sunday","date":"09-02-2020","reportTime":"02:00"},{"name":"Dublin Airport","temperature":"11","symbol":"46n","weatherDescription":"Light rain ","text":"\"Light rain \"","windSpeed":"24","windGust":"54","cardinalWindDirection":"SW","windDirection":225,"humidity":" 90 ","rainfall":" 1.5 ","pressure":"983","dayName":"Sunday","date":"09-02-2020","reportTime":"03:00"},{"name":"Dublin Airport","temperature":"11","symbol":"46n","weatherDescription":"Light rain ","text":"\"Light rain \"","windSpeed":"31","windGust":"52","cardinalWindDirection":"SW","windDirection":225,"humidity":" 92 ","rainfall":" 3.3 ","pressure":"983","dayName":"Sunday","date":"09-02-2020","reportTime":"04:00"},{"name":"Dublin Airport","temperature":"11","symbol":"46n","weatherDescription":"Light rain ","text":"\"Light rain \"","windSpeed":"31","windGust":"54","cardinalWindDirection":"SW","windDirection":225,"humidity":" 90 ","rainfall":" 0.4 ","pressure":"979","dayName":"Sunday","date":"09-02-2020","reportTime":"05:00"},{"name":"Dublin Airport","temperature":"11","symbol":"46n","weatherDescription":"Light rain ","text":"\"Light rain \"","windSpeed":"31","windGust":"56","cardinalWindDirection":"SW","windDirection":225,"humidity":" 92 ","rainfall":" 3.2 ","pressure":"978","dayName":"Sunday","date":"09-02-2020","reportTime":"06:00"},{"name":"Dublin Airport","temperature":"11","symbol":"46n","weatherDescription":"Light rain ","text":"\"Light rain \"","windSpeed":"39","windGust":"67","cardinalWindDirection":"SW","windDirection":225,"humidity":" 92 ","rainfall":" 1.5 ","pressure":"975","dayName":"Sunday","date":"09-02-2020","reportTime":"07:00"},{"name":"Dublin Airport","temperature":"10","symbol":"09d","weatherDescription":"Rain","text":"\"Moderate rain \"","windSpeed":"43","windGust":"74","cardinalWindDirection":"W","windDirection":270,"humidity":" 94 ","rainfall":" 5.1 ","pressure":"974","dayName":"Sunday","date":"09-02-2020","reportTime":"08:00"},{"name":"Dublin Airport","temperature":"9","symbol":"46d","weatherDescription":"Light rain ","text":"\"Light rain \"","windSpeed":"37","windGust":"89","cardinalWindDirection":"W","windDirection":270,"humidity":" 82 ","rainfall":" 5.1 ","pressure":"975","dayName":"Sunday","date":"09-02-2020","reportTime":"09:00"},{"name":"Dublin Airport","temperature":"10","symbol":"05d","weatherDescription":"Rain showers","text":"\"Rain shower\"","windSpeed":"35","windGust":"74","cardinalWindDirection":"SW","windDirection":225,"humidity":" 71 ","rainfall":" 0.2 ","pressure":"974","dayName":"Sunday","date":"09-02-2020","reportTime":"10:00"},{"name":"Dublin Airport","temperature":"11","symbol":"05d","weatherDescription":"Rain showers","text":"\"Rain shower\"","windSpeed":"28","windGust":"65","cardinalWindDirection":"W","windDirection":270,"humidity":" 77 ","rainfall":" 0.1 ","pressure":"975","dayName":"Sunday","date":"09-02-2020","reportTime":"11:00"},{"name":"Dublin Airport","temperature":"10","symbol":"40d","weatherDescription":"Light rain showers","text":"\"Recent Rain\"","windSpeed":"31","windGust":"85","cardinalWindDirection":"SW","windDirection":225,"humidity":" 73 ","rainfall":" 0.5 ","pressure":"975","dayName":"Sunday","date":"09-02-2020","reportTime":"12:00"},{"name":"Dublin Airport","temperature":"11","symbol":"02d","weatherDescription":"Fair","text":"\"Fair\"","windSpeed":"37","windGust":"80","cardinalWindDirection":"SW","windDirection":225,"humidity":" 65 ","rainfall":" 0.0 ","pressure":"974","dayName":"Sunday","date":"09-02-2020","reportTime":"13:00"},{"name":"Dublin Airport","temperature":"7","symbol":"05d","weatherDescription":"Rain showers","text":"\"Rain shower\"","windSpeed":"46","windGust":"81","cardinalWindDirection":"W","windDirection":270,"humidity":" 83 ","rainfall":" 0.2 ","pressure":"975","dayName":"Sunday","date":"09-02-2020","reportTime":"14:00"},{"name":"Dublin Airport","temperature":"8","symbol":"40d","weatherDescription":"Light rain showers","text":"\"Recent Rain\"","windSpeed":"28","windGust":"76","cardinalWindDirection":"W","windDirection":270,"humidity":" 87 ","rainfall":" 1.6 ","pressure":"976","dayName":"Sunday","date":"09-02-2020","reportTime":"15:00"},{"name":"Dublin Airport","temperature":"8","symbol":"40d","weatherDescription":"Light rain showers","text":"\"Recent Rain\"","windSpeed":"33","windGust":"63","cardinalWindDirection":"W","windDirection":270,"humidity":" 79 ","rainfall":" 0.1 ","pressure":"976","dayName":"Sunday","date":"09-02-2020","reportTime":"16:00"},{"name":"Dublin Airport","temperature":"7","symbol":"05d","weatherDescription":"Rain showers","text":"\"Rain shower\"","windSpeed":"37","windGust":"72","cardinalWindDirection":"W","windDirection":270,"humidity":" 85 ","rainfall":" 0.5 ","pressure":"977","dayName":"Sunday","date":"09-02-2020","reportTime":"17:00"},{"name":"Dublin Airport","temperature":"7","symbol":"40n","weatherDescription":"Light rain showers","text":"\"Recent Rain\"","windSpeed":"24","windGust":"70","cardinalWindDirection":"W","windDirection":270,"humidity":" 83 ","rainfall":" 0.8 ","pressure":"978","dayName":"Sunday","date":"09-02-2020","reportTime":"18:00"},{"name":"Dublin Airport","temperature":"7","symbol":"40n","weatherDescription":"Light rain showers","text":"\"Recent Rain\"","windSpeed":"30","windGust":"52","cardinalWindDirection":"W","windDirection":270,"humidity":" 82 ","rainfall":" 0.1 ","pressure":"979","dayName":"Sunday","date":"09-02-2020","reportTime":"19:00"},{"name":"Dublin Airport","temperature":"6","symbol":"05n","weatherDescription":"Rain showers","text":"\"Rain shower\"","windSpeed":"33","windGust":"57","cardinalWindDirection":"W","windDirection":270,"humidity":" 85 ","rainfall":" 0.3 ","pressure":"981","dayName":"Sunday","date":"09-02-2020","reportTime":"20:00"},{"name":"Dublin Airport","temperature":"6","symbol":"40n","weatherDescription":"Light rain showers","text":"\"Recent Rain\"","windSpeed":"26","windGust":"54","cardinalWindDirection":"W","windDirection":270,"humidity":" 88 ","rainfall":" 0.3 ","pressure":"982","dayName":"Sunday","date":"09-02-2020","reportTime":"21:00"},{"name":"Dublin Airport","temperature":"6","symbol":"05n","weatherDescription":"Rain showers","text":"\"Rain shower\"","windSpeed":"39","windGust":"61","cardinalWindDirection":"W","windDirection":270,"humidity":" 78 ","rainfall":" 0.01 ","pressure":"983","dayName":"Sunday","date":"09-02-2020","reportTime":"22:00"},{"name":"Dublin Airport","temperature":"5","symbol":"05n","weatherDescription":"Rain showers","text":"\"Rain shower\"","windSpeed":"30","windGust":"61","cardinalWindDirection":"W","windDirection":270,"humidity":" 84 ","rainfall":" 0.01 ","pressure":"985","dayName":"Sunday","date":"09-02-2020","reportTime":"23:00"}]